{
    "Mock": [
        null,
        null
    ],
    "Irradiated": [
        null,
        null
    ],
    "Infected": [
        null,
        null
    ],
    "GS-441524": [
        0.999997106,
        0.999998436
    ],
    "Chloroquine": [
        0.560746873,
        0.78005796
    ],
    "Hydroxychloroquine Sulfate": [
        0.368346617,
        0.742183898
    ],
    "solithromycin": [
        0.581906835,
        0.624593085
    ],
    "Aloxistatin": [
        0.266220385,
        0.614361465
    ],
    "Remdesivir (GS-5734)": [
        0.59307348,
        0.593796312
    ],
    "Pacritinib": [
        0.083550613,
        0.400063906
    ],
    "Thymoquinone": [
        0.164892052,
        0.389697552
    ],
    "Imiquimod": [
        0.24611012,
        0.388736093
    ],
    "Indinavir": [
        0.125449684,
        0.379566171
    ],
    "methylprednisolone-sodium-succinate": [
        0.109452086,
        0.349402954
    ],
    "Camostat": [
        0.083050627,
        0.344299282
    ],
    "Cobicistat": [
        0.138740278,
        0.340568629
    ],
    "Arbidol": [
        -0.016805852,
        0.283662373
    ],
    "Lopinavir": [
        0.095822155,
        0.272786686
    ],
    "Oseltamivir carboxylate": [
        0.254418968,
        0.130061298
    ],
    "Darunavir": [
        0.069591595,
        0.236316448
    ],
    "Quinine": [
        0.189898759,
        0.232714858
    ],
    "Tenofovir Disoproxil Fumarate": [
        0.160471653,
        0.231891094
    ],
    "Favipiravir": [
        0.020958197,
        0.227617003
    ],
    "Dimethyl fumarate": [
        -0.009837224,
        0.225414345
    ],
    "quinine-ethyl-carbonate": [
        0.080072409,
        0.217736544
    ],
    "Indomethacin": [
        -0.00776702,
        0.212635467
    ],
    "Ribavirin": [
        -0.001805985,
        0.211248858
    ],
    "Migalastat": [
        0.179990393,
        0.160902875
    ],
    "Ritonavir": [
        0.173118474,
        0.122224875
    ],
    "ML-9": [
        0.168747786,
        0.045882357
    ],
    "Haloperidol": [
        -0.014530533,
        0.165375543
    ],
    "Penciclovir": [
        0.146871317,
        0.109795157
    ],
    "Polydatin": [
        -0.020165946,
        0.143457872
    ],
    "Nicotianamine": [
        0.119396315,
        0.09789912
    ],
    "Idelalisib": [
        -0.124695021,
        -0.045682567
    ]
}